,FINRISK 2002,FINRISK 2002
,Female,Male
R,-0.47446230336054157,-0.36564704444714624
p-value,2.828780974101886e-222,1.0308939216830408e-102
