,FINRISK 2002,FINRISK 2002
,Female,Male
R,-0.4732128968722979,-0.3642581404958269
p-value,5.883784261142194e-221,6.829612801256351e-102
