,AGP,AGP
,Female,Male
R,-0.18011034565084463,-0.0005515554091469648
p-value,1.943973707905463e-57,0.9642152713975465
