,FINRISK 2002,FINRISK 2002
,Female,Male
R,-0.4748114860124842,-0.36577539488030403
p-value,1.2085074989386496e-222,8.652106114575257e-103
